Ma_Don_Hang,Ngay_Dat_Hang,DanhMuc,So_Luong,Don_Gia,Trang_Thai,Thanh_Pho,Doanh_Thu,Thang,Thang_Nam
DH447,2025-01-01,Điện tử,1,2376000,Hoàn thành,Hà Nội,2376000,1,2025-01
DH678,2025-01-01,Thời trang,5,4282000,Hoàn thành,Đà Nẵng,21410000,1,2025-01
DH756,2025-01-01,Thời trang,9,1466000,Hoàn thành,TP.HCM,13194000,1,2025-01
DH649,2025-01-01,Thời trang,3,583000,Hoàn thành,Hà Nội,1749000,1,2025-01
DH207,2025-01-02,Gia dụng,10,2776000,Hoàn thành,Đà Nẵng,27760000,1,2025-01
DH064,2025-01-02,Điện tử,10,1844000,Hoàn thành,TP.HCM,18440000,1,2025-01
DH264,2025-01-02,Thời trang,4,2893000,Đang giao,Đà Nẵng,11572000,1,2025-01
DH326,2025-01-04,Thời trang,8,2570000,Hoàn thành,Cần Thơ,20560000,1,2025-01
DH497,2025-01-04,Điện tử,2,3212000,Đang giao,TP.HCM,6424000,1,2025-01
DH129,2025-01-05,Thời trang,5,1665000,Hoàn thành,TP.HCM,8325000,1,2025-01
DH416,2025-01-05,Thời trang,9,1835000,Đang giao,Hà Nội,16515000,1,2025-01
DH335,2025-01-06,Sách,4,79000,Hoàn thành,Đà Nẵng,316000,1,2025-01
DH606,2025-01-07,Sách,6,421000,Hoàn thành,Cần Thơ,2526000,1,2025-01
DH688,2025-01-08,Thời trang,10,2996000,Hoàn thành,TP.HCM,29960000,1,2025-01
DH270,2025-01-09,Sách,6,4068000,Hoàn thành,Hà Nội,24408000,1,2025-01
DH602,2025-01-09,Thời trang,9,874000,Hoàn thành,Đà Nẵng,7866000,1,2025-01
DH715,2025-01-10,Thời trang,9,2942000,Hoàn thành,Đà Nẵng,26478000,1,2025-01
DH485,2025-01-10,Gia dụng,10,4999000,Hoàn thành,Đà Nẵng,49990000,1,2025-01
DH519,2025-01-12,Sách,5,1649000,Hoàn thành,TP.HCM,8245000,1,2025-01
DH152,2025-01-13,Sách,6,477000,Hoàn thành,Đà Nẵng,2862000,1,2025-01
DH555,2025-01-13,Sách,2,2217000,Hoàn thành,TP.HCM,4434000,1,2025-01
DH051,2025-01-14,Gia dụng,6,4636000,Đang giao,Cần Thơ,27816000,1,2025-01
DH676,2025-01-14,Thời trang,2,4844000,Hoàn thành,Đà Nẵng,9688000,1,2025-01
DH135,2025-01-15,Sách,9,4945000,Hoàn thành,Đà Nẵng,44505000,1,2025-01
DH093,2025-01-15,Điện tử,7,3838000,Hoàn thành,TP.HCM,26866000,1,2025-01
DH498,2025-01-16,Điện tử,7,4084000,Hoàn thành,Hà Nội,28588000,1,2025-01
DH330,2025-01-17,Điện tử,3,2403000,Hoàn thành,Đà Nẵng,7209000,1,2025-01
DH353,2025-01-18,Thời trang,5,2907000,Hoàn thành,Cần Thơ,14535000,1,2025-01
DH567,2025-01-19,Thời trang,7,1628000,Hoàn thành,Đà Nẵng,11396000,1,2025-01
DH637,2025-01-19,Gia dụng,9,3490000,Hoàn thành,Đà Nẵng,31410000,1,2025-01
DH384,2025-01-20,Điện tử,7,1362000,Hoàn thành,Đà Nẵng,9534000,1,2025-01
DH672,2025-01-20,Gia dụng,4,2053000,Hoàn thành,Hà Nội,8212000,1,2025-01
DH007,2025-01-21,Thời trang,10,3815000,Hoàn thành,Hà Nội,38150000,1,2025-01
DH026,2025-01-22,Điện tử,10,3822000,Hoàn thành,Cần Thơ,38220000,1,2025-01
DH748,2025-01-23,Gia dụng,1,4735000,Hoàn thành,Đà Nẵng,4735000,1,2025-01
DH483,2025-01-23,Sách,4,2048000,Hoàn thành,Hà Nội,8192000,1,2025-01
DH376,2025-01-26,Gia dụng,2,2671000,Hoàn thành,Hà Nội,5342000,1,2025-01
DH317,2025-01-27,Sách,3,3281000,Hoàn thành,Đà Nẵng,9843000,1,2025-01
DH697,2025-01-28,Sách,10,1938000,Hoàn thành,Đà Nẵng,19380000,1,2025-01
DH165,2025-01-28,Gia dụng,5,4051000,Hoàn thành,TP.HCM,20255000,1,2025-01
DH150,2025-01-29,Điện tử,8,1677000,Hoàn thành,Hà Nội,13416000,1,2025-01
DH615,2025-01-29,Sách,2,3787000,Hoàn thành,Hà Nội,7574000,1,2025-01
DH115,2025-02-02,Thời trang,8,3731000,Hoàn thành,Đà Nẵng,29848000,2,2025-02
DH508,2025-02-02,Điện tử,8,2642000,Đang giao,Hà Nội,21136000,2,2025-02
DH306,2025-02-02,Sách,5,4927000,Hoàn thành,Cần Thơ,24635000,2,2025-02
DH762,2025-02-03,Điện tử,3,625000,Đang giao,Hà Nội,1875000,2,2025-02
DH709,2025-02-04,Thời trang,6,2612000,Hoàn thành,Đà Nẵng,15672000,2,2025-02
DH524,2025-02-04,Gia dụng,6,3548000,Hoàn thành,Đà Nẵng,21288000,2,2025-02
DH327,2025-02-04,Thời trang,2,1680000,Hoàn thành,Đà Nẵng,3360000,2,2025-02
DH059,2025-02-04,Điện tử,10,283000,Hoàn thành,Cần Thơ,2830000,2,2025-02
DH124,2025-02-04,Thời trang,3,1478000,Hoàn thành,Cần Thơ,4434000,2,2025-02
DH546,2025-02-05,Sách,5,1706000,Hoàn thành,Đà Nẵng,8530000,2,2025-02
DH382,2025-02-05,Điện tử,10,4055000,Hoàn thành,Hà Nội,40550000,2,2025-02
DH338,2025-02-06,Thời trang,1,845000,Đang giao,Đà Nẵng,845000,2,2025-02
DH268,2025-02-06,Gia dụng,4,3666000,Hoàn thành,TP.HCM,14664000,2,2025-02
DH311,2025-02-07,Điện tử,5,3945000,Hoàn thành,TP.HCM,19725000,2,2025-02
DH766,2025-02-08,Điện tử,9,1026000,Hoàn thành,Đà Nẵng,9234000,2,2025-02
DH586,2025-02-08,Sách,10,1324000,Hoàn thành,Cần Thơ,13240000,2,2025-02
DH477,2025-02-08,Điện tử,8,1464000,Hoàn thành,TP.HCM,11712000,2,2025-02
DH250,2025-02-08,Thời trang,9,3434000,Hoàn thành,Đà Nẵng,30906000,2,2025-02
DH638,2025-02-08,Sách,1,3928000,Hoàn thành,Hà Nội,3928000,2,2025-02
DH109,2025-02-10,Sách,3,1770000,Hoàn thành,TP.HCM,5310000,2,2025-02
DH700,2025-02-10,Thời trang,4,4011000,Hoàn thành,Đà Nẵng,16044000,2,2025-02
DH091,2025-02-10,Sách,7,3652000,Đang giao,Đà Nẵng,25564000,2,2025-02
DH137,2025-02-11,Gia dụng,4,2111000,Đang giao,Đà Nẵng,8444000,2,2025-02
DH589,2025-02-11,Thời trang,1,172000,Hoàn thành,TP.HCM,172000,2,2025-02
DH516,2025-02-12,Thời trang,10,2396000,Đang giao,Hà Nội,23960000,2,2025-02
DH071,2025-02-13,Sách,9,2093000,Hoàn thành,Hà Nội,18837000,2,2025-02
DH167,2025-02-13,Sách,6,644000,Hoàn thành,Đà Nẵng,3864000,2,2025-02
DH657,2025-02-13,Thời trang,9,4615000,Hoàn thành,Hà Nội,41535000,2,2025-02
DH517,2025-02-13,Gia dụng,9,3623000,Hoàn thành,Đà Nẵng,32607000,2,2025-02
DH161,2025-02-14,Sách,10,539000,Hoàn thành,Đà Nẵng,5390000,2,2025-02
DH708,2025-02-15,Điện tử,7,4720000,Hoàn thành,TP.HCM,33040000,2,2025-02
DH471,2025-02-16,Thời trang,3,3262000,Hoàn thành,Đà Nẵng,9786000,2,2025-02
DH673,2025-02-16,Điện tử,5,3401000,Hoàn thành,Đà Nẵng,17005000,2,2025-02
DH422,2025-02-16,Sách,3,1459000,Hoàn thành,TP.HCM,4377000,2,2025-02
DH453,2025-02-17,Sách,4,2431000,Đang giao,Hà Nội,9724000,2,2025-02
DH116,2025-02-17,Thời trang,9,2372000,Hoàn thành,Hà Nội,21348000,2,2025-02
DH030,2025-02-18,Sách,3,3709000,Hoàn thành,Cần Thơ,11127000,2,2025-02
DH329,2025-02-18,Điện tử,7,2214000,Hoàn thành,Hà Nội,15498000,2,2025-02
DH062,2025-02-19,Sách,1,1633000,Hoàn thành,Hà Nội,1633000,2,2025-02
DH757,2025-02-20,Gia dụng,2,2464000,Hoàn thành,Cần Thơ,4928000,2,2025-02
DH037,2025-02-20,Sách,5,3315000,Hoàn thành,TP.HCM,16575000,2,2025-02
DH395,2025-02-20,Thời trang,8,2720000,Đang giao,Hà Nội,21760000,2,2025-02
DH314,2025-02-20,Điện tử,10,1315000,Hoàn thành,TP.HCM,13150000,2,2025-02
DH143,2025-02-21,Điện tử,8,2372000,Hoàn thành,Hà Nội,18976000,2,2025-02
DH198,2025-02-21,Thời trang,9,3486000,Hoàn thành,Hà Nội,31374000,2,2025-02
DH055,2025-02-22,Điện tử,2,1796000,Hoàn thành,Hà Nội,3592000,2,2025-02
DH413,2025-02-22,Sách,6,3966000,Hoàn thành,Đà Nẵng,23796000,2,2025-02
DH749,2025-02-22,Điện tử,6,4369000,Hoàn thành,Cần Thơ,26214000,2,2025-02
DH582,2025-02-22,Gia dụng,1,2326000,Hoàn thành,Hà Nội,2326000,2,2025-02
DH086,2025-02-22,Gia dụng,2,3382000,Hoàn thành,Đà Nẵng,6764000,2,2025-02
DH216,2025-02-22,Sách,10,2369000,Hoàn thành,Cần Thơ,23690000,2,2025-02
DH210,2025-02-23,Sách,5,1102000,Hoàn thành,Đà Nẵng,5510000,2,2025-02
DH774,2025-02-23,Sách,10,362000,Hoàn thành,Cần Thơ,3620000,2,2025-02
DH278,2025-02-23,Điện tử,2,1718000,Hoàn thành,Đà Nẵng,3436000,2,2025-02
DH065,2025-02-23,Thời trang,5,3948000,Hoàn thành,Đà Nẵng,19740000,2,2025-02
DH039,2025-02-24,Gia dụng,1,4255000,Hoàn thành,Cần Thơ,4255000,2,2025-02
DH585,2025-02-26,Thời trang,10,1000000,Hoàn thành,Cần Thơ,10000000,2,2025-02
DH437,2025-02-27,Thời trang,5,4432000,Hoàn thành,Cần Thơ,22160000,2,2025-02
DH656,2025-02-27,Gia dụng,10,895000,Hoàn thành,Đà Nẵng,8950000,2,2025-02
DH445,2025-02-27,Thời trang,1,4487000,Hoàn thành,TP.HCM,4487000,2,2025-02
DH357,2025-02-27,Sách,9,1166000,Hoàn thành,Hà Nội,10494000,2,2025-02
DH263,2025-03-01,Thời trang,6,2666000,Hoàn thành,Cần Thơ,15996000,3,2025-03
DH414,2025-03-01,Sách,10,3337000,Hoàn thành,TP.HCM,33370000,3,2025-03
DH162,2025-03-03,Gia dụng,3,338000,Đang giao,Hà Nội,1014000,3,2025-03
DH562,2025-03-03,Gia dụng,8,2815000,Hoàn thành,TP.HCM,22520000,3,2025-03
DH117,2025-03-03,Gia dụng,10,3925000,Hoàn thành,Cần Thơ,39250000,3,2025-03
DH732,2025-03-04,Gia dụng,10,323000,Hoàn thành,Hà Nội,3230000,3,2025-03
DH398,2025-03-04,Thời trang,9,536000,Hoàn thành,Hà Nội,4824000,3,2025-03
DH139,2025-03-04,Sách,5,3910000,Đang giao,Cần Thơ,19550000,3,2025-03
DH724,2025-03-06,Sách,10,2686000,Hoàn thành,Đà Nẵng,26860000,3,2025-03
DH513,2025-03-06,Gia dụng,3,4496000,Hoàn thành,Đà Nẵng,13488000,3,2025-03
DH785,2025-03-07,Điện tử,6,4224000,Hoàn thành,Hà Nội,25344000,3,2025-03
DH159,2025-03-07,Thời trang,9,3145000,Hoàn thành,TP.HCM,28305000,3,2025-03
DH459,2025-03-10,Điện tử,9,2297000,Đang giao,Đà Nẵng,20673000,3,2025-03
DH579,2025-03-10,Điện tử,5,493000,Đang giao,Đà Nẵng,2465000,3,2025-03
DH628,2025-03-11,Gia dụng,6,4002000,Hoàn thành,TP.HCM,24012000,3,2025-03
DH765,2025-03-13,Thời trang,7,472000,Đang giao,Đà Nẵng,3304000,3,2025-03
DH603,2025-03-15,Gia dụng,10,3064000,Hoàn thành,Đà Nẵng,30640000,3,2025-03
DH536,2025-03-16,Gia dụng,2,3687000,Hoàn thành,TP.HCM,7374000,3,2025-03
DH786,2025-03-16,Điện tử,9,3323000,Hoàn thành,Hà Nội,29907000,3,2025-03
DH463,2025-03-17,Điện tử,2,4313000,Hoàn thành,Cần Thơ,8626000,3,2025-03
DH571,2025-03-17,Điện tử,7,339000,Hoàn thành,Hà Nội,2373000,3,2025-03
DH755,2025-03-19,Gia dụng,9,1375000,Hoàn thành,TP.HCM,12375000,3,2025-03
DH664,2025-03-21,Điện tử,2,3539000,Hoàn thành,Hà Nội,7078000,3,2025-03
DH204,2025-03-22,Gia dụng,6,2571000,Hoàn thành,Đà Nẵng,15426000,3,2025-03
DH104,2025-03-22,Gia dụng,3,1300000,Hoàn thành,TP.HCM,3900000,3,2025-03
DH711,2025-03-23,Điện tử,5,3282000,Hoàn thành,Cần Thơ,16410000,3,2025-03
DH752,2025-03-24,Điện tử,7,2417000,Đang giao,TP.HCM,16919000,3,2025-03
DH563,2025-03-25,Gia dụng,2,638000,Hoàn thành,TP.HCM,1276000,3,2025-03
DH754,2025-03-26,Điện tử,9,3062000,Hoàn thành,Đà Nẵng,27558000,3,2025-03
DH157,2025-03-27,Điện tử,9,2204000,Hoàn thành,Cần Thơ,19836000,3,2025-03
DH466,2025-03-27,Thời trang,2,2688000,Hoàn thành,TP.HCM,5376000,3,2025-03
DH012,2025-03-29,Sách,4,4051000,Hoàn thành,Cần Thơ,16204000,3,2025-03
DH454,2025-03-30,Sách,4,1927000,Hoàn thành,Đà Nẵng,7708000,3,2025-03
DH049,2025-03-30,Sách,7,2707000,Hoàn thành,TP.HCM,18949000,3,2025-03
DH530,2025-03-31,Thời trang,1,4128000,Đang giao,Cần Thơ,4128000,3,2025-03
DH527,2025-03-31,Điện tử,5,3088000,Hoàn thành,Hà Nội,15440000,3,2025-03
DH692,2025-03-31,Sách,7,493000,Hoàn thành,TP.HCM,3451000,3,2025-03
DH634,2025-04-01,Gia dụng,7,3351000,Hoàn thành,Đà Nẵng,23457000,4,2025-04
DH436,2025-04-02,Gia dụng,6,4885000,Hoàn thành,Hà Nội,29310000,4,2025-04
DH057,2025-04-02,Gia dụng,10,4280000,Hoàn thành,Đà Nẵng,42800000,4,2025-04
DH389,2025-04-02,Sách,10,4151000,Hoàn thành,TP.HCM,41510000,4,2025-04
DH529,2025-04-03,Sách,5,4201000,Hoàn thành,TP.HCM,21005000,4,2025-04
DH472,2025-04-04,Sách,3,3078000,Hoàn thành,TP.HCM,9234000,4,2025-04
DH520,2025-04-05,Gia dụng,4,4524000,Đang giao,Hà Nội,18096000,4,2025-04
DH764,2025-04-05,Gia dụng,6,902000,Hoàn thành,Hà Nội,5412000,4,2025-04
DH343,2025-04-05,Điện tử,9,2590000,Hoàn thành,TP.HCM,23310000,4,2025-04
DH450,2025-04-06,Sách,8,4052000,Hoàn thành,Đà Nẵng,32416000,4,2025-04
DH144,2025-04-06,Gia dụng,8,187000,Đang giao,Hà Nội,1496000,4,2025-04
DH494,2025-04-06,Điện tử,7,855000,Đang giao,Cần Thơ,5985000,4,2025-04
DH321,2025-04-07,Điện tử,2,1278000,Hoàn thành,TP.HCM,2556000,4,2025-04
DH234,2025-04-07,Gia dụng,7,3518000,Hoàn thành,Cần Thơ,24626000,4,2025-04
DH738,2025-04-08,Sách,1,3620000,Hoàn thành,Cần Thơ,3620000,4,2025-04
DH793,2025-04-08,Gia dụng,8,2820000,Hoàn thành,Hà Nội,22560000,4,2025-04
DH230,2025-04-08,Gia dụng,5,2370000,Đang giao,Đà Nẵng,11850000,4,2025-04
DH545,2025-04-09,Điện tử,6,1487000,Hoàn thành,Cần Thơ,8922000,4,2025-04
DH120,2025-04-09,Gia dụng,4,301000,Hoàn thành,TP.HCM,1204000,4,2025-04
DH580,2025-04-09,Thời trang,6,71000,Hoàn thành,TP.HCM,426000,4,2025-04
DH336,2025-04-09,Gia dụng,9,1235000,Hoàn thành,TP.HCM,11115000,4,2025-04
DH740,2025-04-09,Thời trang,2,3333000,Đang giao,Cần Thơ,6666000,4,2025-04
DH272,2025-04-09,Điện tử,10,2950000,Hoàn thành,Hà Nội,29500000,4,2025-04
DH289,2025-04-09,Gia dụng,10,2018000,Hoàn thành,Cần Thơ,20180000,4,2025-04
DH257,2025-04-09,Gia dụng,3,653000,Hoàn thành,Hà Nội,1959000,4,2025-04
DH488,2025-04-10,Gia dụng,5,2459000,Hoàn thành,Hà Nội,12295000,4,2025-04
DH013,2025-04-10,Thời trang,1,2438000,Hoàn thành,Hà Nội,2438000,4,2025-04
DH569,2025-04-10,Thời trang,2,2951000,Hoàn thành,TP.HCM,5902000,4,2025-04
DH510,2025-04-11,Gia dụng,4,1562000,Hoàn thành,Cần Thơ,6248000,4,2025-04
DH126,2025-04-11,Gia dụng,2,1971000,Hoàn thành,TP.HCM,3942000,4,2025-04
DH411,2025-04-11,Điện tử,6,2840000,Hoàn thành,Hà Nội,17040000,4,2025-04
DH202,2025-04-11,Gia dụng,2,1478000,Hoàn thành,Hà Nội,2956000,4,2025-04
DH787,2025-04-13,Gia dụng,7,138000,Hoàn thành,TP.HCM,966000,4,2025-04
DH008,2025-04-13,Gia dụng,4,2601000,Hoàn thành,Đà Nẵng,10404000,4,2025-04
DH417,2025-04-13,Gia dụng,10,4208000,Hoàn thành,Đà Nẵng,42080000,4,2025-04
DH001,2025-04-13,Điện tử,8,3794000,Hoàn thành,Cần Thơ,30352000,4,2025-04
DH284,2025-04-14,Sách,1,76000,Hoàn thành,Cần Thơ,76000,4,2025-04
DH369,2025-04-14,Sách,6,1790000,Đang giao,Đà Nẵng,10740000,4,2025-04
DH532,2025-04-15,Sách,8,738000,Hoàn thành,Hà Nội,5904000,4,2025-04
DH739,2025-04-15,Điện tử,7,2993000,Hoàn thành,TP.HCM,20951000,4,2025-04
DH429,2025-04-16,Thời trang,5,3634000,Hoàn thành,TP.HCM,18170000,4,2025-04
DH066,2025-04-16,Điện tử,6,3032000,Đang giao,Cần Thơ,18192000,4,2025-04
DH004,2025-04-17,Sách,5,4516000,Hoàn thành,TP.HCM,22580000,4,2025-04
DH166,2025-04-18,Sách,5,2340000,Hoàn thành,TP.HCM,11700000,4,2025-04
DH415,2025-04-18,Điện tử,3,3253000,Hoàn thành,Hà Nội,9759000,4,2025-04
DH587,2025-04-19,Điện tử,2,2805000,Hoàn thành,Hà Nội,5610000,4,2025-04
DH262,2025-04-22,Điện tử,5,4689000,Hoàn thành,Đà Nẵng,23445000,4,2025-04
DH779,2025-04-22,Điện tử,1,2370000,Hoàn thành,Cần Thơ,2370000,4,2025-04
DH288,2025-04-22,Thời trang,7,1569000,Hoàn thành,TP.HCM,10983000,4,2025-04
DH201,2025-04-23,Sách,5,4963000,Hoàn thành,Cần Thơ,24815000,4,2025-04
DH196,2025-04-23,Gia dụng,2,647000,Hoàn thành,Cần Thơ,1294000,4,2025-04
DH203,2025-04-23,Điện tử,8,1151000,Hoàn thành,TP.HCM,9208000,4,2025-04
DH206,2025-04-23,Gia dụng,5,4146000,Hoàn thành,Hà Nội,20730000,4,2025-04
DH283,2025-04-23,Gia dụng,7,3809000,Hoàn thành,Đà Nẵng,26663000,4,2025-04
DH362,2025-04-24,Thời trang,6,716000,Hoàn thành,TP.HCM,4296000,4,2025-04
DH535,2025-04-24,Điện tử,4,256000,Hoàn thành,TP.HCM,1024000,4,2025-04
DH531,2025-04-25,Điện tử,1,4373000,Đang giao,TP.HCM,4373000,4,2025-04
DH346,2025-04-26,Gia dụng,5,4790000,Đang giao,TP.HCM,23950000,4,2025-04
DH281,2025-04-26,Điện tử,3,1668000,Hoàn thành,Hà Nội,5004000,4,2025-04
DH178,2025-04-26,Thời trang,2,1776000,Hoàn thành,Hà Nội,3552000,4,2025-04
DH654,2025-04-27,Sách,6,4465000,Hoàn thành,Cần Thơ,26790000,4,2025-04
DH440,2025-04-27,Sách,3,4760000,Hoàn thành,Cần Thơ,14280000,4,2025-04
DH770,2025-04-28,Sách,3,1570000,Hoàn thành,TP.HCM,4710000,4,2025-04
DH452,2025-04-28,Sách,5,3465000,Hoàn thành,Cần Thơ,17325000,4,2025-04
DH722,2025-04-29,Gia dụng,8,2872000,Hoàn thành,Cần Thơ,22976000,4,2025-04
DH279,2025-04-30,Điện tử,2,4957000,Hoàn thành,Cần Thơ,9914000,4,2025-04
DH433,2025-04-30,Thời trang,6,4983000,Hoàn thành,TP.HCM,29898000,4,2025-04
DH009,2025-05-02,Điện tử,4,3177000,Đang giao,Đà Nẵng,12708000,5,2025-05
DH689,2025-05-02,Điện tử,9,2726000,Hoàn thành,Đà Nẵng,24534000,5,2025-05
DH612,2025-05-02,Thời trang,5,966000,Hoàn thành,Cần Thơ,4830000,5,2025-05
DH592,2025-05-02,Gia dụng,8,464000,Hoàn thành,Cần Thơ,3712000,5,2025-05
DH225,2025-05-03,Thời trang,3,1105000,Hoàn thành,TP.HCM,3315000,5,2025-05
DH236,2025-05-04,Sách,10,3625000,Hoàn thành,Cần Thơ,36250000,5,2025-05
DH428,2025-05-04,Gia dụng,7,2693000,Hoàn thành,Cần Thơ,18851000,5,2025-05
DH400,2025-05-05,Gia dụng,9,1207000,Hoàn thành,Hà Nội,10863000,5,2025-05
DH644,2025-05-06,Gia dụng,3,1256000,Hoàn thành,TP.HCM,3768000,5,2025-05
DH639,2025-05-06,Sách,1,3293000,Hoàn thành,Đà Nẵng,3293000,5,2025-05
DH214,2025-05-06,Thời trang,8,2761000,Hoàn thành,Cần Thơ,22088000,5,2025-05
DH366,2025-05-07,Sách,1,3285000,Hoàn thành,Hà Nội,3285000,5,2025-05
DH352,2025-05-08,Gia dụng,8,2839000,Hoàn thành,Hà Nội,22712000,5,2025-05
DH305,2025-05-08,Điện tử,5,1286000,Hoàn thành,Đà Nẵng,6430000,5,2025-05
DH100,2025-05-09,Điện tử,1,4882000,Hoàn thành,TP.HCM,4882000,5,2025-05
DH253,2025-05-09,Thời trang,2,3059000,Hoàn thành,Đà Nẵng,6118000,5,2025-05
DH444,2025-05-09,Thời trang,6,3512000,Hoàn thành,Hà Nội,21072000,5,2025-05
DH208,2025-05-10,Sách,2,1294000,Đang giao,Cần Thơ,2588000,5,2025-05
DH215,2025-05-10,Sách,3,4797000,Hoàn thành,Cần Thơ,14391000,5,2025-05
DH127,2025-05-11,Sách,4,4304000,Hoàn thành,Cần Thơ,17216000,5,2025-05
DH042,2025-05-11,Sách,7,2665000,Hoàn thành,Cần Thơ,18655000,5,2025-05
DH276,2025-05-11,Điện tử,10,162000,Hoàn thành,TP.HCM,1620000,5,2025-05
DH016,2025-05-11,Thời trang,10,3546000,Hoàn thành,TP.HCM,35460000,5,2025-05
DH626,2025-05-12,Thời trang,1,4638000,Hoàn thành,Cần Thơ,4638000,5,2025-05
DH745,2025-05-13,Thời trang,1,3061000,Hoàn thành,TP.HCM,3061000,5,2025-05
DH163,2025-05-14,Thời trang,8,4799000,Hoàn thành,Đà Nẵng,38392000,5,2025-05
DH655,2025-05-14,Thời trang,5,1456000,Hoàn thành,Cần Thơ,7280000,5,2025-05
DH111,2025-05-15,Thời trang,4,1014000,Hoàn thành,Đà Nẵng,4056000,5,2025-05
DH044,2025-05-15,Sách,8,2032000,Hoàn thành,Hà Nội,16256000,5,2025-05
DH303,2025-05-15,Gia dụng,1,4163000,Hoàn thành,TP.HCM,4163000,5,2025-05
DH693,2025-05-16,Gia dụng,7,3567000,Hoàn thành,Hà Nội,24969000,5,2025-05
DH101,2025-05-16,Sách,10,2682000,Hoàn thành,Hà Nội,26820000,5,2025-05
DH618,2025-05-16,Gia dụng,6,2010000,Hoàn thành,TP.HCM,12060000,5,2025-05
DH103,2025-05-19,Gia dụng,7,4267000,Hoàn thành,Cần Thơ,29869000,5,2025-05
DH641,2025-05-21,Sách,3,1077000,Hoàn thành,Hà Nội,3231000,5,2025-05
DH608,2025-05-21,Gia dụng,1,3674000,Hoàn thành,Hà Nội,3674000,5,2025-05
DH387,2025-05-22,Điện tử,7,3784000,Hoàn thành,Đà Nẵng,26488000,5,2025-05
DH148,2025-05-23,Sách,4,1669000,Hoàn thành,Hà Nội,6676000,5,2025-05
DH677,2025-05-23,Gia dụng,4,1203000,Hoàn thành,Hà Nội,4812000,5,2025-05
DH388,2025-05-23,Thời trang,10,154000,Hoàn thành,Cần Thơ,1540000,5,2025-05
DH681,2025-05-24,Gia dụng,8,1790000,Hoàn thành,TP.HCM,14320000,5,2025-05
DH465,2025-05-24,Gia dụng,2,3078000,Hoàn thành,Đà Nẵng,6156000,5,2025-05
DH426,2025-05-24,Điện tử,4,4188000,Hoàn thành,Đà Nẵng,16752000,5,2025-05
DH584,2025-05-24,Thời trang,7,3902000,Đang giao,Hà Nội,27314000,5,2025-05
DH260,2025-05-24,Gia dụng,9,2039000,Hoàn thành,Hà Nội,18351000,5,2025-05
DH233,2025-05-24,Thời trang,6,3969000,Hoàn thành,Đà Nẵng,23814000,5,2025-05
DH432,2025-05-25,Thời trang,2,2275000,Hoàn thành,TP.HCM,4550000,5,2025-05
DH703,2025-05-25,Gia dụng,7,1673000,Hoàn thành,Đà Nẵng,11711000,5,2025-05
DH753,2025-05-25,Gia dụng,10,1279000,Hoàn thành,Đà Nẵng,12790000,5,2025-05
DH622,2025-05-25,Gia dụng,2,4276000,Hoàn thành,Đà Nẵng,8552000,5,2025-05
DH599,2025-05-26,Gia dụng,3,1306000,Hoàn thành,Đà Nẵng,3918000,5,2025-05
DH493,2025-05-27,Gia dụng,8,2450000,Hoàn thành,Cần Thơ,19600000,5,2025-05
DH244,2025-05-27,Điện tử,2,251000,Hoàn thành,Hà Nội,502000,5,2025-05
DH671,2025-05-27,Điện tử,3,3852000,Hoàn thành,Hà Nội,11556000,5,2025-05
DH431,2025-05-27,Sách,3,2177000,Hoàn thành,Cần Thơ,6531000,5,2025-05
DH273,2025-05-27,Sách,6,1420000,Hoàn thành,Đà Nẵng,8520000,5,2025-05
DH241,2025-05-28,Sách,10,3814000,Hoàn thành,TP.HCM,38140000,5,2025-05
DH663,2025-05-29,Sách,6,4679000,Hoàn thành,Đà Nẵng,28074000,5,2025-05
DH401,2025-05-30,Gia dụng,7,2999000,Hoàn thành,TP.HCM,20993000,5,2025-05
DH017,2025-05-30,Điện tử,2,4998000,Hoàn thành,Cần Thơ,9996000,5,2025-05
DH583,2025-05-31,Thời trang,7,2304000,Hoàn thành,TP.HCM,16128000,5,2025-05
DH365,2025-05-31,Gia dụng,9,3760000,Đang giao,Hà Nội,33840000,5,2025-05
DH255,2025-05-31,Thời trang,3,2063000,Hoàn thành,Hà Nội,6189000,5,2025-05
DH190,2025-06-01,Thời trang,9,1743000,Hoàn thành,TP.HCM,15687000,6,2025-06
DH277,2025-06-01,Gia dụng,8,1031000,Hoàn thành,Cần Thơ,8248000,6,2025-06
DH548,2025-06-01,Điện tử,5,1621000,Hoàn thành,Cần Thơ,8105000,6,2025-06
DH015,2025-06-01,Điện tử,9,4230000,Hoàn thành,Cần Thơ,38070000,6,2025-06
DH290,2025-06-02,Điện tử,2,2554000,Hoàn thành,TP.HCM,5108000,6,2025-06
DH396,2025-06-02,Điện tử,3,3612000,Hoàn thành,Cần Thơ,10836000,6,2025-06
DH767,2025-06-03,Điện tử,1,4704000,Hoàn thành,Hà Nội,4704000,6,2025-06
DH464,2025-06-03,Sách,4,2797000,Hoàn thành,Đà Nẵng,11188000,6,2025-06
DH367,2025-06-04,Thời trang,9,2817000,Hoàn thành,TP.HCM,25353000,6,2025-06
DH687,2025-06-05,Sách,4,4070000,Hoàn thành,TP.HCM,16280000,6,2025-06
DH333,2025-06-07,Thời trang,10,2034000,Hoàn thành,Hà Nội,20340000,6,2025-06
DH430,2025-06-07,Thời trang,7,361000,Hoàn thành,Cần Thơ,2527000,6,2025-06
DH192,2025-06-09,Gia dụng,3,3487000,Hoàn thành,Hà Nội,10461000,6,2025-06
DH153,2025-06-09,Điện tử,5,3696000,Hoàn thành,Đà Nẵng,18480000,6,2025-06
DH659,2025-06-09,Điện tử,2,4912000,Hoàn thành,Đà Nẵng,9824000,6,2025-06
DH269,2025-06-09,Thời trang,1,4367000,Hoàn thành,Hà Nội,4367000,6,2025-06
DH219,2025-06-09,Gia dụng,8,4992000,Hoàn thành,TP.HCM,39936000,6,2025-06
DH280,2025-06-10,Điện tử,4,3343000,Hoàn thành,Đà Nẵng,13372000,6,2025-06
DH024,2025-06-10,Điện tử,9,1197000,Hoàn thành,Hà Nội,10773000,6,2025-06
DH298,2025-06-10,Sách,4,2267000,Hoàn thành,Đà Nẵng,9068000,6,2025-06
DH349,2025-06-10,Điện tử,8,1690000,Hoàn thành,Hà Nội,13520000,6,2025-06
DH769,2025-06-11,Điện tử,8,4950000,Hoàn thành,TP.HCM,39600000,6,2025-06
DH072,2025-06-11,Thời trang,3,4436000,Hoàn thành,TP.HCM,13308000,6,2025-06
DH295,2025-06-12,Thời trang,9,4328000,Hoàn thành,TP.HCM,38952000,6,2025-06
DH105,2025-06-12,Sách,10,1540000,Hoàn thành,TP.HCM,15400000,6,2025-06
DH594,2025-06-12,Điện tử,8,4463000,Hoàn thành,TP.HCM,35704000,6,2025-06
DH507,2025-06-12,Sách,1,3591000,Hoàn thành,Đà Nẵng,3591000,6,2025-06
DH691,2025-06-13,Điện tử,10,677000,Hoàn thành,Cần Thơ,6770000,6,2025-06
DH669,2025-06-13,Thời trang,9,1752000,Hoàn thành,Cần Thơ,15768000,6,2025-06
DH540,2025-06-13,Sách,4,3502000,Hoàn thành,Hà Nội,14008000,6,2025-06
DH616,2025-06-14,Điện tử,6,323000,Hoàn thành,Đà Nẵng,1938000,6,2025-06
DH185,2025-06-14,Điện tử,9,1402000,Hoàn thành,Hà Nội,12618000,6,2025-06
DH750,2025-06-14,Thời trang,5,4998000,Hoàn thành,Đà Nẵng,24990000,6,2025-06
DH800,2025-06-15,Gia dụng,3,4524000,Hoàn thành,TP.HCM,13572000,6,2025-06
DH633,2025-06-16,Sách,10,3025000,Hoàn thành,TP.HCM,30250000,6,2025-06
DH047,2025-06-16,Điện tử,5,3320000,Hoàn thành,Đà Nẵng,16600000,6,2025-06
DH609,2025-06-17,Gia dụng,9,825000,Hoàn thành,Cần Thơ,7425000,6,2025-06
DH514,2025-06-17,Thời trang,6,2930000,Hoàn thành,Đà Nẵng,17580000,6,2025-06
DH297,2025-06-18,Điện tử,7,3273000,Hoàn thành,TP.HCM,22911000,6,2025-06
DH407,2025-06-19,Gia dụng,4,3857000,Hoàn thành,TP.HCM,15428000,6,2025-06
DH374,2025-06-19,Sách,2,1083000,Hoàn thành,Hà Nội,2166000,6,2025-06
DH610,2025-06-19,Sách,9,2760000,Hoàn thành,Cần Thơ,24840000,6,2025-06
DH160,2025-06-19,Gia dụng,1,2506000,Hoàn thành,Cần Thơ,2506000,6,2025-06
DH032,2025-06-19,Gia dụng,5,3892000,Hoàn thành,Hà Nội,19460000,6,2025-06
DH149,2025-06-20,Điện tử,4,2640000,Hoàn thành,TP.HCM,10560000,6,2025-06
DH331,2025-06-21,Thời trang,5,2680000,Hoàn thành,Hà Nội,13400000,6,2025-06
DH121,2025-06-21,Gia dụng,5,1806000,Đang giao,TP.HCM,9030000,6,2025-06
DH189,2025-06-21,Điện tử,2,2657000,Hoàn thành,TP.HCM,5314000,6,2025-06
DH217,2025-06-21,Gia dụng,3,3973000,Hoàn thành,Đà Nẵng,11919000,6,2025-06
DH640,2025-06-22,Thời trang,1,3074000,Hoàn thành,Cần Thơ,3074000,6,2025-06
DH660,2025-06-22,Gia dụng,5,3397000,Hoàn thành,Cần Thơ,16985000,6,2025-06
DH383,2025-06-22,Điện tử,6,2251000,Hoàn thành,Đà Nẵng,13506000,6,2025-06
DH658,2025-06-22,Gia dụng,5,1274000,Hoàn thành,Đà Nẵng,6370000,6,2025-06
DH758,2025-06-22,Sách,3,3258000,Hoàn thành,Đà Nẵng,9774000,6,2025-06
DH607,2025-06-23,Điện tử,9,2010000,Hoàn thành,TP.HCM,18090000,6,2025-06
DH036,2025-06-24,Gia dụng,3,3454000,Hoàn thành,Hà Nội,10362000,6,2025-06
DH372,2025-06-25,Điện tử,10,3987000,Hoàn thành,Hà Nội,39870000,6,2025-06
DH307,2025-06-25,Sách,4,1597000,Hoàn thành,Đà Nẵng,6388000,6,2025-06
DH568,2025-06-26,Sách,4,3816000,Hoàn thành,TP.HCM,15264000,6,2025-06
DH544,2025-06-26,Gia dụng,3,3899000,Hoàn thành,Cần Thơ,11697000,6,2025-06
DH737,2025-06-26,Thời trang,10,4802000,Hoàn thành,Hà Nội,48020000,6,2025-06
DH728,2025-06-26,Điện tử,8,1890000,Hoàn thành,TP.HCM,15120000,6,2025-06
DH696,2025-06-27,Thời trang,10,1515000,Hoàn thành,Cần Thơ,15150000,6,2025-06
DH506,2025-06-27,Gia dụng,5,3785000,Hoàn thành,Hà Nội,18925000,6,2025-06
DH509,2025-06-28,Thời trang,8,1734000,Hoàn thành,Đà Nẵng,13872000,6,2025-06
DH138,2025-06-28,Điện tử,10,2840000,Hoàn thành,Hà Nội,28400000,6,2025-06
DH195,2025-06-29,Thời trang,9,4469000,Đang giao,Hà Nội,40221000,6,2025-06
DH406,2025-06-29,Sách,2,946000,Hoàn thành,Đà Nẵng,1892000,6,2025-06
DH490,2025-06-29,Gia dụng,6,616000,Hoàn thành,Đà Nẵng,3696000,6,2025-06
DH588,2025-06-30,Thời trang,2,1278000,Hoàn thành,TP.HCM,2556000,6,2025-06
DH342,2025-06-30,Thời trang,6,2563000,Hoàn thành,TP.HCM,15378000,6,2025-06
DH632,2025-07-01,Điện tử,1,2642000,Hoàn thành,Cần Thơ,2642000,7,2025-07
DH554,2025-07-02,Điện tử,5,2660000,Hoàn thành,Cần Thơ,13300000,7,2025-07
DH224,2025-07-03,Sách,8,3138000,Hoàn thành,Đà Nẵng,25104000,7,2025-07
DH467,2025-07-04,Điện tử,4,3701000,Hoàn thành,Cần Thơ,14804000,7,2025-07
DH694,2025-07-05,Sách,8,3506000,Hoàn thành,Cần Thơ,28048000,7,2025-07
DH397,2025-07-05,Thời trang,6,4077000,Hoàn thành,Cần Thơ,24462000,7,2025-07
DH590,2025-07-05,Thời trang,10,4564000,Hoàn thành,Hà Nội,45640000,7,2025-07
DH155,2025-07-06,Thời trang,10,1347000,Hoàn thành,TP.HCM,13470000,7,2025-07
DH566,2025-07-06,Gia dụng,4,915000,Hoàn thành,TP.HCM,3660000,7,2025-07
DH237,2025-07-06,Điện tử,9,4105000,Hoàn thành,TP.HCM,36945000,7,2025-07
DH205,2025-07-06,Gia dụng,8,2150000,Hoàn thành,Đà Nẵng,17200000,7,2025-07
DH345,2025-07-07,Gia dụng,6,2603000,Hoàn thành,Hà Nội,15618000,7,2025-07
DH090,2025-07-07,Gia dụng,10,4107000,Hoàn thành,Hà Nội,41070000,7,2025-07
DH457,2025-07-08,Điện tử,1,2916000,Hoàn thành,Đà Nẵng,2916000,7,2025-07
DH006,2025-07-08,Gia dụng,1,1754000,Hoàn thành,TP.HCM,1754000,7,2025-07
DH174,2025-07-09,Thời trang,1,1729000,Hoàn thành,Cần Thơ,1729000,7,2025-07
DH651,2025-07-09,Thời trang,10,240000,Đang giao,TP.HCM,2400000,7,2025-07
DH399,2025-07-09,Điện tử,6,348000,Hoàn thành,Hà Nội,2088000,7,2025-07
DH080,2025-07-09,Điện tử,2,1176000,Hoàn thành,Đà Nẵng,2352000,7,2025-07
DH550,2025-07-09,Thời trang,1,2879000,Hoàn thành,Đà Nẵng,2879000,7,2025-07
DH652,2025-07-10,Gia dụng,8,906000,Hoàn thành,Cần Thơ,7248000,7,2025-07
DH069,2025-07-10,Điện tử,5,4531000,Hoàn thành,Đà Nẵng,22655000,7,2025-07
DH347,2025-07-10,Điện tử,5,3959000,Đang giao,Hà Nội,19795000,7,2025-07
DH458,2025-07-11,Sách,3,1386000,Hoàn thành,Đà Nẵng,4158000,7,2025-07
DH702,2025-07-11,Sách,6,2288000,Hoàn thành,Đà Nẵng,13728000,7,2025-07
DH328,2025-07-11,Sách,4,1649000,Hoàn thành,Hà Nội,6596000,7,2025-07
DH788,2025-07-11,Sách,4,2884000,Hoàn thành,TP.HCM,11536000,7,2025-07
DH542,2025-07-11,Điện tử,1,2495000,Hoàn thành,TP.HCM,2495000,7,2025-07
DH293,2025-07-13,Sách,1,929000,Hoàn thành,TP.HCM,929000,7,2025-07
DH613,2025-07-13,Gia dụng,9,329000,Hoàn thành,Cần Thơ,2961000,7,2025-07
DH304,2025-07-14,Gia dụng,8,4550000,Hoàn thành,TP.HCM,36400000,7,2025-07
DH418,2025-07-15,Gia dụng,2,340000,Hoàn thành,Đà Nẵng,680000,7,2025-07
DH713,2025-07-16,Điện tử,9,1071000,Hoàn thành,Hà Nội,9639000,7,2025-07
DH743,2025-07-16,Điện tử,3,2128000,Hoàn thành,TP.HCM,6384000,7,2025-07
DH182,2025-07-17,Điện tử,3,3296000,Hoàn thành,Cần Thơ,9888000,7,2025-07
DH220,2025-07-17,Thời trang,2,2568000,Đang giao,Đà Nẵng,5136000,7,2025-07
DH231,2025-07-17,Gia dụng,10,4155000,Hoàn thành,TP.HCM,41550000,7,2025-07
DH247,2025-07-18,Sách,7,1257000,Hoàn thành,Hà Nội,8799000,7,2025-07
DH112,2025-07-20,Sách,1,3062000,Hoàn thành,Đà Nẵng,3062000,7,2025-07
DH704,2025-07-20,Thời trang,6,4108000,Hoàn thành,Cần Thơ,24648000,7,2025-07
DH235,2025-07-20,Điện tử,5,537000,Hoàn thành,Hà Nội,2685000,7,2025-07
DH635,2025-07-21,Sách,5,569000,Hoàn thành,Cần Thơ,2845000,7,2025-07
DH751,2025-07-21,Thời trang,3,213000,Hoàn thành,Hà Nội,639000,7,2025-07
DH666,2025-07-22,Sách,7,2581000,Hoàn thành,Đà Nẵng,18067000,7,2025-07
DH474,2025-07-23,Thời trang,6,1828000,Hoàn thành,Đà Nẵng,10968000,7,2025-07
DH759,2025-07-24,Thời trang,7,3675000,Đang giao,Đà Nẵng,25725000,7,2025-07
DH574,2025-07-25,Thời trang,5,2318000,Hoàn thành,TP.HCM,11590000,7,2025-07
DH060,2025-07-25,Điện tử,10,4859000,Hoàn thành,Hà Nội,48590000,7,2025-07
DH782,2025-07-26,Sách,9,1949000,Hoàn thành,TP.HCM,17541000,7,2025-07
DH134,2025-07-26,Gia dụng,1,1541000,Hoàn thành,TP.HCM,1541000,7,2025-07
DH275,2025-07-27,Sách,6,1661000,Hoàn thành,Cần Thơ,9966000,7,2025-07
DH296,2025-07-27,Thời trang,7,1028000,Hoàn thành,Hà Nội,7196000,7,2025-07
DH082,2025-08-01,Điện tử,7,4165000,Hoàn thành,Cần Thơ,29155000,8,2025-08
DH665,2025-08-01,Gia dụng,5,2558000,Hoàn thành,Đà Nẵng,12790000,8,2025-08
DH123,2025-08-02,Gia dụng,1,914000,Hoàn thành,Đà Nẵng,914000,8,2025-08
DH393,2025-08-03,Điện tử,7,3264000,Hoàn thành,TP.HCM,22848000,8,2025-08
DH078,2025-08-03,Điện tử,7,1663000,Hoàn thành,Hà Nội,11641000,8,2025-08
DH010,2025-08-03,Điện tử,3,885000,Hoàn thành,TP.HCM,2655000,8,2025-08
DH595,2025-08-03,Sách,9,2083000,Hoàn thành,TP.HCM,18747000,8,2025-08
DH118,2025-08-04,Sách,9,1263000,Hoàn thành,TP.HCM,11367000,8,2025-08
DH088,2025-08-05,Thời trang,5,4731000,Hoàn thành,Hà Nội,23655000,8,2025-08
DH624,2025-08-05,Điện tử,7,3252000,Đang giao,Hà Nội,22764000,8,2025-08
DH564,2025-08-05,Gia dụng,7,2680000,Hoàn thành,Cần Thơ,18760000,8,2025-08
DH537,2025-08-05,Gia dụng,2,3334000,Hoàn thành,Cần Thơ,6668000,8,2025-08
DH557,2025-08-05,Gia dụng,2,4435000,Hoàn thành,Đà Nẵng,8870000,8,2025-08
DH733,2025-08-05,Thời trang,9,1214000,Hoàn thành,Đà Nẵng,10926000,8,2025-08
DH475,2025-08-06,Gia dụng,3,4074000,Đang giao,Cần Thơ,12222000,8,2025-08
DH218,2025-08-06,Sách,8,2123000,Hoàn thành,Cần Thơ,16984000,8,2025-08
DH070,2025-08-06,Điện tử,7,4331000,Hoàn thành,Hà Nội,30317000,8,2025-08
DH332,2025-08-08,Điện tử,8,2942000,Hoàn thành,TP.HCM,23536000,8,2025-08
DH706,2025-08-08,Sách,8,859000,Hoàn thành,Hà Nội,6872000,8,2025-08
DH698,2025-08-08,Sách,8,3294000,Hoàn thành,Đà Nẵng,26352000,8,2025-08
DH209,2025-08-08,Điện tử,6,492000,Đang giao,Đà Nẵng,2952000,8,2025-08
DH643,2025-08-08,Thời trang,10,3938000,Hoàn thành,TP.HCM,39380000,8,2025-08
DH596,2025-08-09,Điện tử,4,2881000,Đang giao,Đà Nẵng,11524000,8,2025-08
DH776,2025-08-10,Sách,4,4736000,Hoàn thành,Cần Thơ,18944000,8,2025-08
DH481,2025-08-10,Thời trang,10,123000,Hoàn thành,Cần Thơ,1230000,8,2025-08
DH145,2025-08-10,Thời trang,2,3293000,Hoàn thành,TP.HCM,6586000,8,2025-08
DH355,2025-08-11,Điện tử,2,2303000,Đang giao,Hà Nội,4606000,8,2025-08
DH575,2025-08-11,Sách,1,3277000,Hoàn thành,Hà Nội,3277000,8,2025-08
DH491,2025-08-11,Gia dụng,9,1812000,Hoàn thành,Cần Thơ,16308000,8,2025-08
DH591,2025-08-11,Gia dụng,8,4513000,Hoàn thành,Đà Nẵng,36104000,8,2025-08
DH684,2025-08-12,Điện tử,2,2353000,Hoàn thành,Cần Thơ,4706000,8,2025-08
DH551,2025-08-12,Thời trang,3,2553000,Hoàn thành,TP.HCM,7659000,8,2025-08
DH212,2025-08-12,Gia dụng,1,354000,Hoàn thành,Hà Nội,354000,8,2025-08
DH726,2025-08-12,Thời trang,4,464000,Hoàn thành,Cần Thơ,1856000,8,2025-08
DH213,2025-08-13,Thời trang,2,4464000,Hoàn thành,Hà Nội,8928000,8,2025-08
DH186,2025-08-13,Điện tử,9,1601000,Hoàn thành,Đà Nẵng,14409000,8,2025-08
DH175,2025-08-13,Sách,10,1088000,Hoàn thành,TP.HCM,10880000,8,2025-08
DH318,2025-08-14,Thời trang,1,2291000,Hoàn thành,TP.HCM,2291000,8,2025-08
DH790,2025-08-14,Sách,2,1974000,Hoàn thành,Cần Thơ,3948000,8,2025-08
DH287,2025-08-15,Gia dụng,10,1923000,Hoàn thành,Hà Nội,19230000,8,2025-08
DH125,2025-08-15,Gia dụng,8,521000,Hoàn thành,Đà Nẵng,4168000,8,2025-08
DH670,2025-08-15,Thời trang,4,3807000,Hoàn thành,Hà Nội,15228000,8,2025-08
DH701,2025-08-16,Thời trang,4,1810000,Hoàn thành,TP.HCM,7240000,8,2025-08
DH439,2025-08-17,Gia dụng,9,3840000,Hoàn thành,Đà Nẵng,34560000,8,2025-08
DH668,2025-08-17,Sách,5,4402000,Hoàn thành,Đà Nẵng,22010000,8,2025-08
DH783,2025-08-17,Gia dụng,8,3507000,Hoàn thành,TP.HCM,28056000,8,2025-08
DH605,2025-08-18,Thời trang,2,4772000,Hoàn thành,Cần Thơ,9544000,8,2025-08
DH312,2025-08-18,Sách,3,4876000,Hoàn thành,Cần Thơ,14628000,8,2025-08
DH141,2025-08-19,Gia dụng,6,1815000,Hoàn thành,Hà Nội,10890000,8,2025-08
DH146,2025-08-19,Thời trang,9,959000,Hoàn thành,Cần Thơ,8631000,8,2025-08
DH173,2025-08-19,Điện tử,10,2301000,Hoàn thành,Hà Nội,23010000,8,2025-08
DH108,2025-08-19,Thời trang,2,1115000,Hoàn thành,TP.HCM,2230000,8,2025-08
DH570,2025-08-21,Điện tử,10,2261000,Hoàn thành,Cần Thơ,22610000,8,2025-08
DH271,2025-08-21,Thời trang,1,1053000,Hoàn thành,Đà Nẵng,1053000,8,2025-08
DH194,2025-08-21,Sách,3,2013000,Hoàn thành,TP.HCM,6039000,8,2025-08
DH179,2025-08-21,Gia dụng,1,1420000,Hoàn thành,Đà Nẵng,1420000,8,2025-08
DH337,2025-08-21,Sách,7,4348000,Hoàn thành,Cần Thơ,30436000,8,2025-08
DH674,2025-08-21,Sách,6,173000,Đang giao,Cần Thơ,1038000,8,2025-08
DH188,2025-08-22,Thời trang,5,4707000,Hoàn thành,TP.HCM,23535000,8,2025-08
DH028,2025-08-24,Gia dụng,7,2176000,Hoàn thành,Hà Nội,15232000,8,2025-08
DH775,2025-08-24,Thời trang,7,3255000,Hoàn thành,Đà Nẵng,22785000,8,2025-08
DH455,2025-08-25,Sách,8,2399000,Hoàn thành,TP.HCM,19192000,8,2025-08
DH084,2025-08-25,Điện tử,8,1302000,Đang giao,Đà Nẵng,10416000,8,2025-08
DH147,2025-08-25,Thời trang,7,3761000,Hoàn thành,Đà Nẵng,26327000,8,2025-08
DH309,2025-08-26,Sách,3,672000,Hoàn thành,TP.HCM,2016000,8,2025-08
DH473,2025-08-26,Điện tử,10,2621000,Đang giao,Đà Nẵng,26210000,8,2025-08
DH727,2025-08-27,Điện tử,2,991000,Hoàn thành,Đà Nẵng,1982000,8,2025-08
DH448,2025-08-27,Gia dụng,5,1789000,Hoàn thành,Hà Nội,8945000,8,2025-08
DH707,2025-08-28,Sách,10,4827000,Hoàn thành,Hà Nội,48270000,8,2025-08
DH232,2025-08-28,Sách,4,2872000,Hoàn thành,Cần Thơ,11488000,8,2025-08
DH142,2025-08-29,Điện tử,7,1300000,Hoàn thành,TP.HCM,9100000,8,2025-08
DH718,2025-08-30,Gia dụng,10,513000,Đang giao,TP.HCM,5130000,8,2025-08
DH642,2025-08-30,Sách,6,2046000,Hoàn thành,TP.HCM,12276000,8,2025-08
DH523,2025-08-30,Gia dụng,9,2452000,Hoàn thành,Cần Thơ,22068000,8,2025-08
DH052,2025-08-30,Điện tử,6,3644000,Hoàn thành,Đà Nẵng,21864000,8,2025-08
DH156,2025-08-31,Gia dụng,2,4679000,Đang giao,TP.HCM,9358000,8,2025-08
DH040,2025-09-01,Thời trang,10,3391000,Hoàn thành,Cần Thơ,33910000,9,2025-09
DH486,2025-09-03,Điện tử,2,2288000,Đang giao,Cần Thơ,4576000,9,2025-09
DH371,2025-09-03,Gia dụng,1,795000,Hoàn thành,TP.HCM,795000,9,2025-09
DH375,2025-09-04,Thời trang,1,4869000,Hoàn thành,Hà Nội,4869000,9,2025-09
DH221,2025-09-04,Thời trang,8,3939000,Hoàn thành,Hà Nội,31512000,9,2025-09
DH501,2025-09-04,Điện tử,9,2009000,Hoàn thành,TP.HCM,18081000,9,2025-09
DH462,2025-09-04,Thời trang,5,3984000,Hoàn thành,Cần Thơ,19920000,9,2025-09
DH799,2025-09-06,Gia dụng,10,412000,Hoàn thành,Cần Thơ,4120000,9,2025-09
DH539,2025-09-06,Thời trang,5,2989000,Đang giao,Hà Nội,14945000,9,2025-09
DH768,2025-09-07,Thời trang,7,2721000,Đang giao,Hà Nội,19047000,9,2025-09
DH492,2025-09-07,Sách,6,708000,Hoàn thành,Hà Nội,4248000,9,2025-09
DH484,2025-09-07,Thời trang,7,536000,Hoàn thành,Cần Thơ,3752000,9,2025-09
DH777,2025-09-08,Thời trang,8,3227000,Hoàn thành,Hà Nội,25816000,9,2025-09
DH719,2025-09-08,Điện tử,9,3230000,Hoàn thành,Hà Nội,29070000,9,2025-09
DH667,2025-09-09,Điện tử,7,344000,Đang giao,Đà Nẵng,2408000,9,2025-09
DH089,2025-09-09,Gia dụng,8,973000,Hoàn thành,TP.HCM,7784000,9,2025-09
DH079,2025-09-09,Gia dụng,3,3662000,Hoàn thành,Hà Nội,10986000,9,2025-09
DH629,2025-09-09,Điện tử,7,3867000,Hoàn thành,Cần Thơ,27069000,9,2025-09
DH242,2025-09-09,Gia dụng,5,4385000,Hoàn thành,Đà Nẵng,21925000,9,2025-09
DH789,2025-09-09,Gia dụng,1,3669000,Hoàn thành,TP.HCM,3669000,9,2025-09
DH259,2025-09-09,Điện tử,10,4616000,Hoàn thành,Đà Nẵng,46160000,9,2025-09
DH027,2025-09-10,Thời trang,9,360000,Hoàn thành,Đà Nẵng,3240000,9,2025-09
DH348,2025-09-10,Điện tử,2,3961000,Hoàn thành,TP.HCM,7922000,9,2025-09
DH604,2025-09-10,Thời trang,2,3852000,Hoàn thành,TP.HCM,7704000,9,2025-09
DH522,2025-09-10,Sách,1,4797000,Hoàn thành,Hà Nội,4797000,9,2025-09
DH710,2025-09-10,Gia dụng,6,771000,Hoàn thành,Hà Nội,4626000,9,2025-09
DH480,2025-09-11,Điện tử,3,69000,Hoàn thành,TP.HCM,207000,9,2025-09
DH286,2025-09-11,Gia dụng,3,4314000,Hoàn thành,TP.HCM,12942000,9,2025-09
DH780,2025-09-12,Gia dụng,4,2284000,Hoàn thành,Cần Thơ,9136000,9,2025-09
DH131,2025-09-12,Thời trang,1,3562000,Hoàn thành,Hà Nội,3562000,9,2025-09
DH226,2025-09-12,Gia dụng,8,3614000,Hoàn thành,Cần Thơ,28912000,9,2025-09
DH712,2025-09-13,Thời trang,6,2849000,Hoàn thành,Hà Nội,17094000,9,2025-09
DH350,2025-09-13,Điện tử,8,1757000,Đang giao,Cần Thơ,14056000,9,2025-09
DH495,2025-09-14,Gia dụng,9,2513000,Đang giao,Hà Nội,22617000,9,2025-09
DH128,2025-09-14,Điện tử,2,3497000,Hoàn thành,Đà Nẵng,6994000,9,2025-09
DH502,2025-09-15,Điện tử,9,1506000,Hoàn thành,Đà Nẵng,13554000,9,2025-09
DH019,2025-09-15,Sách,9,358000,Hoàn thành,TP.HCM,3222000,9,2025-09
DH747,2025-09-16,Sách,5,1608000,Hoàn thành,TP.HCM,8040000,9,2025-09
DH180,2025-09-16,Sách,8,4203000,Hoàn thành,TP.HCM,33624000,9,2025-09
DH680,2025-09-16,Gia dụng,3,4790000,Hoàn thành,Đà Nẵng,14370000,9,2025-09
DH240,2025-09-16,Thời trang,10,3343000,Hoàn thành,TP.HCM,33430000,9,2025-09
DH771,2025-09-16,Thời trang,4,451000,Hoàn thành,TP.HCM,1804000,9,2025-09
DH760,2025-09-17,Sách,5,335000,Hoàn thành,Hà Nội,1675000,9,2025-09
DH067,2025-09-17,Thời trang,10,4911000,Hoàn thành,Cần Thơ,49110000,9,2025-09
DH107,2025-09-18,Thời trang,7,1859000,Hoàn thành,Đà Nẵng,13013000,9,2025-09
DH258,2025-09-20,Sách,7,4283000,Hoàn thành,TP.HCM,29981000,9,2025-09
DH315,2025-09-21,Điện tử,6,2170000,Hoàn thành,Đà Nẵng,13020000,9,2025-09
DH528,2025-09-21,Gia dụng,5,141000,Hoàn thành,Cần Thơ,705000,9,2025-09
DH412,2025-09-21,Gia dụng,10,3733000,Đang giao,Đà Nẵng,37330000,9,2025-09
DH386,2025-09-21,Gia dụng,6,1977000,Hoàn thành,Hà Nội,11862000,9,2025-09
DH572,2025-09-22,Điện tử,8,2689000,Đang giao,Cần Thơ,21512000,9,2025-09
DH254,2025-09-24,Điện tử,8,1568000,Đang giao,TP.HCM,12544000,9,2025-09
DH729,2025-09-24,Thời trang,3,1126000,Đang giao,TP.HCM,3378000,9,2025-09
DH114,2025-09-25,Điện tử,9,4092000,Hoàn thành,Đà Nẵng,36828000,9,2025-09
DH199,2025-09-25,Thời trang,8,867000,Hoàn thành,Hà Nội,6936000,9,2025-09
DH773,2025-09-25,Thời trang,6,1054000,Hoàn thành,Hà Nội,6324000,9,2025-09
DH553,2025-09-25,Gia dụng,4,3416000,Hoàn thành,TP.HCM,13664000,9,2025-09
DH511,2025-09-25,Thời trang,7,1512000,Hoàn thành,Cần Thơ,10584000,9,2025-09
DH074,2025-09-27,Thời trang,2,3137000,Hoàn thành,Cần Thơ,6274000,9,2025-09
DH077,2025-09-28,Thời trang,4,4538000,Hoàn thành,Đà Nẵng,18152000,9,2025-09
DH034,2025-09-28,Điện tử,6,4913000,Hoàn thành,Cần Thơ,29478000,9,2025-09
DH409,2025-09-28,Sách,4,493000,Đang giao,Đà Nẵng,1972000,9,2025-09
DH003,2025-09-28,Gia dụng,6,830000,Hoàn thành,Đà Nẵng,4980000,9,2025-09
DH685,2025-09-29,Điện tử,2,3448000,Hoàn thành,Hà Nội,6896000,9,2025-09
DH456,2025-09-29,Sách,2,4091000,Hoàn thành,Hà Nội,8182000,9,2025-09
DH368,2025-09-30,Sách,6,3313000,Hoàn thành,Hà Nội,19878000,9,2025-09
DH561,2025-09-30,Thời trang,7,4525000,Đang giao,TP.HCM,31675000,9,2025-09
DH048,2025-10-01,Gia dụng,1,265000,Hoàn thành,TP.HCM,265000,10,2025-10
DH630,2025-10-02,Gia dụng,9,289000,Hoàn thành,TP.HCM,2601000,10,2025-10
DH435,2025-10-02,Gia dụng,3,3881000,Hoàn thành,Đà Nẵng,11643000,10,2025-10
DH538,2025-10-04,Thời trang,9,728000,Hoàn thành,TP.HCM,6552000,10,2025-10
DH301,2025-10-04,Thời trang,6,3534000,Hoàn thành,Đà Nẵng,21204000,10,2025-10
DH319,2025-10-04,Gia dụng,9,3784000,Hoàn thành,Đà Nẵng,34056000,10,2025-10
DH460,2025-10-05,Sách,4,4404000,Hoàn thành,TP.HCM,17616000,10,2025-10
DH442,2025-10-06,Điện tử,3,4907000,Hoàn thành,Hà Nội,14721000,10,2025-10
DH361,2025-10-07,Thời trang,8,566000,Hoàn thành,Cần Thơ,4528000,10,2025-10
DH339,2025-10-07,Sách,4,938000,Hoàn thành,TP.HCM,3752000,10,2025-10
DH499,2025-10-07,Thời trang,6,1653000,Hoàn thành,Cần Thơ,9918000,10,2025-10
DH087,2025-10-07,Sách,3,1540000,Hoàn thành,Hà Nội,4620000,10,2025-10
DH354,2025-10-08,Thời trang,2,3275000,Hoàn thành,Hà Nội,6550000,10,2025-10
DH731,2025-10-09,Điện tử,7,2588000,Đang giao,Cần Thơ,18116000,10,2025-10
DH133,2025-10-10,Gia dụng,9,3166000,Hoàn thành,Hà Nội,28494000,10,2025-10
DH316,2025-10-10,Thời trang,2,930000,Hoàn thành,Đà Nẵng,1860000,10,2025-10
DH736,2025-10-10,Điện tử,4,2459000,Hoàn thành,Đà Nẵng,9836000,10,2025-10
DH176,2025-10-10,Thời trang,3,710000,Hoàn thành,Cần Thơ,2130000,10,2025-10
DH322,2025-10-11,Điện tử,8,2716000,Hoàn thành,Đà Nẵng,21728000,10,2025-10
DH158,2025-10-11,Điện tử,10,2480000,Hoàn thành,Cần Thơ,24800000,10,2025-10
DH164,2025-10-11,Thời trang,6,1596000,Đang giao,Cần Thơ,9576000,10,2025-10
DH573,2025-10-11,Điện tử,2,3183000,Hoàn thành,TP.HCM,6366000,10,2025-10
DH468,2025-10-12,Thời trang,6,2154000,Hoàn thành,Đà Nẵng,12924000,10,2025-10
DH518,2025-10-12,Điện tử,1,3817000,Hoàn thành,Cần Thơ,3817000,10,2025-10
DH795,2025-10-13,Sách,8,3632000,Hoàn thành,Đà Nẵng,29056000,10,2025-10
DH320,2025-10-13,Điện tử,8,367000,Đang giao,Đà Nẵng,2936000,10,2025-10
DH560,2025-10-13,Điện tử,9,3521000,Đang giao,Hà Nội,31689000,10,2025-10
DH717,2025-10-13,Điện tử,8,4383000,Hoàn thành,TP.HCM,35064000,10,2025-10
DH392,2025-10-15,Thời trang,10,1527000,Đang giao,Hà Nội,15270000,10,2025-10
DH363,2025-10-15,Gia dụng,3,2838000,Hoàn thành,Hà Nội,8514000,10,2025-10
DH761,2025-10-15,Điện tử,2,1173000,Đang giao,Cần Thơ,2346000,10,2025-10
DH723,2025-10-16,Thời trang,1,565000,Hoàn thành,Cần Thơ,565000,10,2025-10
DH479,2025-10-16,Điện tử,1,1002000,Đang giao,TP.HCM,1002000,10,2025-10
DH300,2025-10-16,Điện tử,4,1606000,Hoàn thành,TP.HCM,6424000,10,2025-10
DH106,2025-10-16,Thời trang,2,2919000,Hoàn thành,Cần Thơ,5838000,10,2025-10
DH489,2025-10-17,Thời trang,5,3971000,Hoàn thành,Cần Thơ,19855000,10,2025-10
DH449,2025-10-17,Sách,10,2200000,Hoàn thành,TP.HCM,22000000,10,2025-10
DH627,2025-10-19,Điện tử,8,582000,Hoàn thành,TP.HCM,4656000,10,2025-10
DH119,2025-10-20,Gia dụng,7,4796000,Hoàn thành,Đà Nẵng,33572000,10,2025-10
DH021,2025-10-21,Điện tử,8,3346000,Hoàn thành,Hà Nội,26768000,10,2025-10
DH227,2025-10-21,Thời trang,1,1015000,Hoàn thành,Cần Thơ,1015000,10,2025-10
DH791,2025-10-21,Sách,5,4060000,Hoàn thành,TP.HCM,20300000,10,2025-10
DH200,2025-10-22,Gia dụng,9,2035000,Hoàn thành,TP.HCM,18315000,10,2025-10
DH081,2025-10-23,Thời trang,10,2783000,Hoàn thành,Đà Nẵng,27830000,10,2025-10
DH256,2025-10-25,Gia dụng,6,2568000,Đang giao,TP.HCM,15408000,10,2025-10
DH370,2025-10-26,Gia dụng,4,1985000,Hoàn thành,Đà Nẵng,7940000,10,2025-10
DH094,2025-10-28,Thời trang,8,3924000,Hoàn thành,Cần Thơ,31392000,10,2025-10
DH625,2025-10-28,Sách,3,4277000,Hoàn thành,Cần Thơ,12831000,10,2025-10
DH521,2025-10-29,Gia dụng,8,500000,Hoàn thành,TP.HCM,4000000,10,2025-10
DH662,2025-10-30,Gia dụng,7,3301000,Hoàn thành,TP.HCM,23107000,10,2025-10
DH781,2025-10-30,Điện tử,3,4354000,Hoàn thành,TP.HCM,13062000,10,2025-10
DH714,2025-10-30,Sách,10,2431000,Hoàn thành,Đà Nẵng,24310000,10,2025-10
DH302,2025-10-31,Sách,3,2709000,Hoàn thành,TP.HCM,8127000,10,2025-10
DH076,2025-10-31,Thời trang,2,4207000,Hoàn thành,Cần Thơ,8414000,10,2025-10
DH274,2025-10-31,Thời trang,1,1731000,Hoàn thành,Hà Nội,1731000,10,2025-10
DH405,2025-11-01,Sách,8,3617000,Hoàn thành,Cần Thơ,28936000,11,2025-11
DH675,2025-11-01,Gia dụng,3,4573000,Hoàn thành,Đà Nẵng,13719000,11,2025-11
DH772,2025-11-02,Thời trang,10,510000,Hoàn thành,Đà Nẵng,5100000,11,2025-11
DH378,2025-11-02,Sách,1,4786000,Hoàn thành,Hà Nội,4786000,11,2025-11
DH792,2025-11-02,Điện tử,5,4797000,Hoàn thành,Cần Thơ,23985000,11,2025-11
DH043,2025-11-03,Sách,1,4362000,Hoàn thành,TP.HCM,4362000,11,2025-11
DH187,2025-11-03,Điện tử,4,1021000,Hoàn thành,Đà Nẵng,4084000,11,2025-11
DH425,2025-11-04,Gia dụng,7,2565000,Hoàn thành,TP.HCM,17955000,11,2025-11
DH248,2025-11-04,Gia dụng,2,142000,Hoàn thành,Hà Nội,284000,11,2025-11
DH798,2025-11-04,Thời trang,6,4159000,Hoàn thành,Cần Thơ,24954000,11,2025-11
DH018,2025-11-05,Sách,5,1355000,Hoàn thành,TP.HCM,6775000,11,2025-11
DH294,2025-11-06,Sách,3,935000,Hoàn thành,Hà Nội,2805000,11,2025-11
DH068,2025-11-06,Điện tử,7,2928000,Hoàn thành,Hà Nội,20496000,11,2025-11
DH424,2025-11-07,Gia dụng,3,2494000,Hoàn thành,Cần Thơ,7482000,11,2025-11
DH741,2025-11-07,Thời trang,5,127000,Hoàn thành,TP.HCM,635000,11,2025-11
DH716,2025-11-08,Điện tử,10,1862000,Đang giao,Đà Nẵng,18620000,11,2025-11
DH653,2025-11-08,Gia dụng,2,4673000,Hoàn thành,Đà Nẵng,9346000,11,2025-11
DH778,2025-11-09,Gia dụng,5,805000,Hoàn thành,Đà Nẵng,4025000,11,2025-11
DH381,2025-11-09,Điện tử,4,3918000,Hoàn thành,Đà Nẵng,15672000,11,2025-11
DH534,2025-11-10,Điện tử,6,838000,Hoàn thành,TP.HCM,5028000,11,2025-11
DH025,2025-11-10,Thời trang,8,3006000,Hoàn thành,Hà Nội,24048000,11,2025-11
DH402,2025-11-10,Sách,9,1344000,Hoàn thành,Cần Thơ,12096000,11,2025-11
DH191,2025-11-11,Thời trang,8,1881000,Hoàn thành,Hà Nội,15048000,11,2025-11
DH735,2025-11-11,Sách,3,2727000,Hoàn thành,Hà Nội,8181000,11,2025-11
DH695,2025-11-12,Thời trang,1,525000,Hoàn thành,Cần Thơ,525000,11,2025-11
DH050,2025-11-12,Gia dụng,5,3374000,Hoàn thành,Đà Nẵng,16870000,11,2025-11
DH380,2025-11-12,Thời trang,1,4792000,Hoàn thành,Hà Nội,4792000,11,2025-11
DH647,2025-11-13,Sách,2,358000,Hoàn thành,Hà Nội,716000,11,2025-11
DH323,2025-11-13,Gia dụng,9,534000,Hoàn thành,TP.HCM,4806000,11,2025-11
DH661,2025-11-13,Điện tử,4,2181000,Hoàn thành,Hà Nội,8724000,11,2025-11
DH197,2025-11-14,Thời trang,10,3865000,Hoàn thành,Hà Nội,38650000,11,2025-11
DH184,2025-11-14,Điện tử,8,2593000,Hoàn thành,Đà Nẵng,20744000,11,2025-11
DH441,2025-11-14,Thời trang,10,3946000,Hoàn thành,Cần Thơ,39460000,11,2025-11
DH434,2025-11-15,Sách,2,1615000,Hoàn thành,Cần Thơ,3230000,11,2025-11
DH041,2025-11-16,Sách,9,4778000,Đang giao,TP.HCM,43002000,11,2025-11
DH620,2025-11-17,Sách,6,1466000,Hoàn thành,Hà Nội,8796000,11,2025-11
DH391,2025-11-18,Thời trang,2,2215000,Hoàn thành,Cần Thơ,4430000,11,2025-11
DH351,2025-11-19,Gia dụng,1,739000,Hoàn thành,Đà Nẵng,739000,11,2025-11
DH512,2025-11-19,Thời trang,10,3607000,Hoàn thành,Hà Nội,36070000,11,2025-11
DH358,2025-11-19,Gia dụng,1,2578000,Hoàn thành,Hà Nội,2578000,11,2025-11
DH222,2025-11-20,Điện tử,1,1777000,Hoàn thành,Hà Nội,1777000,11,2025-11
DH229,2025-11-21,Thời trang,9,2211000,Hoàn thành,Hà Nội,19899000,11,2025-11
DH496,2025-11-21,Điện tử,4,983000,Hoàn thành,TP.HCM,3932000,11,2025-11
DH487,2025-11-21,Điện tử,7,4514000,Hoàn thành,TP.HCM,31598000,11,2025-11
DH238,2025-11-22,Thời trang,3,1723000,Hoàn thành,TP.HCM,5169000,11,2025-11
DH408,2025-11-22,Điện tử,7,2464000,Hoàn thành,Hà Nội,17248000,11,2025-11
DH623,2025-11-23,Gia dụng,9,2524000,Hoàn thành,Đà Nẵng,22716000,11,2025-11
DH154,2025-11-23,Sách,3,1594000,Hoàn thành,Cần Thơ,4782000,11,2025-11
DH097,2025-11-23,Sách,6,3418000,Hoàn thành,TP.HCM,20508000,11,2025-11
DH113,2025-11-24,Thời trang,5,4252000,Hoàn thành,Cần Thơ,21260000,11,2025-11
DH046,2025-11-25,Sách,8,3463000,Hoàn thành,TP.HCM,27704000,11,2025-11
DH683,2025-11-26,Sách,4,1354000,Hoàn thành,Cần Thơ,5416000,11,2025-11
DH515,2025-11-26,Gia dụng,10,1913000,Hoàn thành,Cần Thơ,19130000,11,2025-11
DH598,2025-11-27,Gia dụng,1,2569000,Hoàn thành,Đà Nẵng,2569000,11,2025-11
DH011,2025-11-27,Điện tử,3,2419000,Hoàn thành,Đà Nẵng,7257000,11,2025-11
DH170,2025-11-27,Gia dụng,9,2677000,Hoàn thành,Đà Nẵng,24093000,11,2025-11
DH796,2025-12-01,Gia dụng,2,3095000,Hoàn thành,Đà Nẵng,6190000,12,2025-12
DH500,2025-12-02,Sách,1,2142000,Hoàn thành,Hà Nội,2142000,12,2025-12
DH526,2025-12-03,Sách,9,3727000,Hoàn thành,Đà Nẵng,33543000,12,2025-12
DH794,2025-12-04,Gia dụng,6,2820000,Hoàn thành,Đà Nẵng,16920000,12,2025-12
DH251,2025-12-04,Thời trang,1,679000,Hoàn thành,Hà Nội,679000,12,2025-12
DH577,2025-12-05,Gia dụng,8,4520000,Đang giao,Đà Nẵng,36160000,12,2025-12
DH617,2025-12-05,Điện tử,4,4168000,Hoàn thành,TP.HCM,16672000,12,2025-12
DH168,2025-12-06,Điện tử,7,4307000,Hoàn thành,TP.HCM,30149000,12,2025-12
DH504,2025-12-06,Điện tử,3,2213000,Hoàn thành,TP.HCM,6639000,12,2025-12
DH784,2025-12-07,Thời trang,1,1600000,Đang giao,Đà Nẵng,1600000,12,2025-12
DH476,2025-12-07,Gia dụng,2,4909000,Hoàn thành,Đà Nẵng,9818000,12,2025-12
DH565,2025-12-08,Sách,6,3881000,Hoàn thành,Đà Nẵng,23286000,12,2025-12
DH404,2025-12-08,Sách,8,1293000,Hoàn thành,Đà Nẵng,10344000,12,2025-12
DH364,2025-12-08,Gia dụng,8,4526000,Hoàn thành,Đà Nẵng,36208000,12,2025-12
DH621,2025-12-08,Gia dụng,2,628000,Hoàn thành,Cần Thơ,1256000,12,2025-12
DH734,2025-12-08,Thời trang,2,1439000,Hoàn thành,Đà Nẵng,2878000,12,2025-12
DH394,2025-12-08,Gia dụng,1,1770000,Hoàn thành,Cần Thơ,1770000,12,2025-12
DH211,2025-12-09,Sách,5,3332000,Hoàn thành,Cần Thơ,16660000,12,2025-12
DH099,2025-12-10,Gia dụng,2,4390000,Hoàn thành,TP.HCM,8780000,12,2025-12
DH096,2025-12-11,Điện tử,4,2309000,Hoàn thành,Hà Nội,9236000,12,2025-12
DH029,2025-12-11,Gia dụng,3,1321000,Hoàn thành,Hà Nội,3963000,12,2025-12
DH054,2025-12-12,Thời trang,9,2185000,Hoàn thành,Đà Nẵng,19665000,12,2025-12
DH136,2025-12-12,Điện tử,8,1583000,Hoàn thành,Hà Nội,12664000,12,2025-12
DH243,2025-12-12,Sách,7,453000,Đang giao,Cần Thơ,3171000,12,2025-12
DH261,2025-12-12,Gia dụng,2,2295000,Hoàn thành,Cần Thơ,4590000,12,2025-12
DH438,2025-12-12,Thời trang,8,4748000,Hoàn thành,Cần Thơ,37984000,12,2025-12
DH797,2025-12-13,Thời trang,3,320000,Hoàn thành,Đà Nẵng,960000,12,2025-12
DH650,2025-12-14,Điện tử,5,3982000,Hoàn thành,Cần Thơ,19910000,12,2025-12
DH172,2025-12-14,Điện tử,4,552000,Hoàn thành,Hà Nội,2208000,12,2025-12
DH763,2025-12-14,Điện tử,10,3381000,Hoàn thành,Đà Nẵng,33810000,12,2025-12
DH690,2025-12-14,Thời trang,7,4357000,Hoàn thành,TP.HCM,30499000,12,2025-12
DH002,2025-12-15,Sách,6,4958000,Đang giao,Hà Nội,29748000,12,2025-12
DH239,2025-12-15,Thời trang,7,1830000,Đang giao,Hà Nội,12810000,12,2025-12
DH461,2025-12-15,Gia dụng,10,1627000,Hoàn thành,TP.HCM,16270000,12,2025-12
DH340,2025-12-15,Gia dụng,4,3021000,Đang giao,Hà Nội,12084000,12,2025-12
DH291,2025-12-15,Điện tử,2,1800000,Hoàn thành,TP.HCM,3600000,12,2025-12
DH421,2025-12-16,Sách,9,3098000,Hoàn thành,TP.HCM,27882000,12,2025-12
DH744,2025-12-17,Điện tử,2,1407000,Hoàn thành,Cần Thơ,2814000,12,2025-12
DH075,2025-12-17,Điện tử,7,2854000,Hoàn thành,Hà Nội,19978000,12,2025-12
DH246,2025-12-18,Điện tử,2,2796000,Hoàn thành,Hà Nội,5592000,12,2025-12
DH140,2025-12-18,Thời trang,5,3240000,Hoàn thành,Cần Thơ,16200000,12,2025-12
DH390,2025-12-20,Thời trang,2,1388000,Hoàn thành,Cần Thơ,2776000,12,2025-12
DH377,2025-12-21,Gia dụng,1,3430000,Hoàn thành,TP.HCM,3430000,12,2025-12
DH558,2025-12-21,Điện tử,9,4868000,Đang giao,Đà Nẵng,43812000,12,2025-12
DH423,2025-12-21,Thời trang,10,231000,Hoàn thành,Hà Nội,2310000,12,2025-12
DH699,2025-12-23,Điện tử,4,2198000,Đang giao,Cần Thơ,8792000,12,2025-12
DH482,2025-12-23,Thời trang,8,1017000,Hoàn thành,Hà Nội,8136000,12,2025-12
DH686,2025-12-24,Thời trang,1,4998000,Hoàn thành,Đà Nẵng,4998000,12,2025-12
DH746,2025-12-24,Thời trang,7,145000,Hoàn thành,Hà Nội,1015000,12,2025-12
DH181,2025-12-25,Gia dụng,3,1735000,Đang giao,Cần Thơ,5205000,12,2025-12
DH063,2025-12-26,Thời trang,7,776000,Hoàn thành,Đà Nẵng,5432000,12,2025-12
DH359,2025-12-26,Gia dụng,6,3149000,Hoàn thành,Đà Nẵng,18894000,12,2025-12
DH252,2025-12-26,Sách,8,2009000,Hoàn thành,Đà Nẵng,16072000,12,2025-12
DH122,2025-12-26,Gia dụng,1,891000,Hoàn thành,Hà Nội,891000,12,2025-12
DH014,2025-12-26,Sách,2,2933000,Hoàn thành,Đà Nẵng,5866000,12,2025-12
DH559,2025-12-27,Sách,2,874000,Hoàn thành,Cần Thơ,1748000,12,2025-12
DH648,2025-12-27,Điện tử,9,3897000,Hoàn thành,TP.HCM,35073000,12,2025-12
DH631,2025-12-30,Gia dụng,5,338000,Hoàn thành,Hà Nội,1690000,12,2025-12
DH038,2025-12-30,Gia dụng,1,4622000,Hoàn thành,TP.HCM,4622000,12,2025-12
DH420,2025-12-31,Gia dụng,7,1878000,Hoàn thành,Hà Nội,13146000,12,2025-12
DH313,2025-12-31,Gia dụng,1,501000,Hoàn thành,Đà Nẵng,501000,12,2025-12
